name,season_0,season_1,season_2,age_0,age_1,age_2,weight_0,weight_1,weight_2,bmi_0,bmi_1,bmi_2,games_0,games_1,games_2,rush_atts_0,rush_atts_1,rush_atts_2,rush_yds_0,rush_yds_1,rush_yds_2,rush_y/a_0,rush_y/a_1,rush_y/a_2,rush_tds_0,rush_tds_1,rush_tds_2,rush_ypg_0,rush_ypg_1,rush_ypg_2,targets_0,targets_1,targets_2,receptions_0,receptions_1,receptions_2,rec_yards_0,rec_yards_1,rec_yards_2,yards/reception_0,yards/reception_1,yards/reception_2,rec_tds_0,rec_tds_1,rec_tds_2,rec_ypg_0,rec_ypg_1,rec_ypg_2,ctch_pct_0,ctch_pct_1,ctch_pct_2,y/tgt_0,y/tgt_1,y/tgt_2,fumbles_0,fumbles_1,fumbles_2,fumbles_recovered_0,fumbles_recovered_1,fumbles_recovered_2,fum_ret_yds_0,fum_ret_yds_1,fum_ret_yds_2,fum_tds_0,fum_tds_1,fum_tds_2,forced_fumbles_0,forced_fumbles_1,forced_fumbles_2,pro_bowls_0,pro_bowls_1,pro_bowls_2,all_pros_0,all_pros_1,all_pros_2,100yd_gms_0,100yd_gms_1,100yd_gms_2,first_down_ctchs_0,first_down_ctchs_1,first_down_ctchs_2,first_down_ctchpct_0,first_down_ctchpct_1,first_down_ctchpct_2,long_ctch_0,long_ctch_1,long_ctch_2,drops_0,drops_1,drops_2,EYds_0,EYds_1,EYds_2,DVOA_0,DVOA_1,DVOA_2,DYAR_0,DYAR_1,DYAR_2,40 Yard_0,40 Yard_1,40 Yard_2,rookie_age_0,rookie_age_1,rookie_age_2,rookie_season_0,rookie_season_1,rookie_season_2,height_inches_0,height_inches_1,height_inches_2,start_ratio_0,start_ratio_1,start_ratio_2,dpis_drawn_0,dpis_drawn_1,dpis_drawn_2,dpi_yards_0,dpi_yards_1,dpi_yards_2,pct_team_tgts_0,pct_team_tgts_1,pct_team_tgts_2,pct_team_receptions_0,pct_team_receptions_1,pct_team_receptions_2,pct_of_team_passyards_0,pct_of_team_passyards_1,pct_of_team_passyards_2,pct_team_touchdowns_0,pct_team_touchdowns_1,pct_team_touchdowns_2,dropK_0,dropK_1,dropK_2,yacK_0,yacK_1,yacK_2,td_points_0,td_points_1,td_points_2,compilation_0,compilation_1,compilation_2,avg_starts,dpis,dpi_yards,year_1_growth,year_2_growth
Aaron Dobson,2013.0,2014.0,2015.0,22.0,23.0,24.0,210.0,210.0,210.0,26.2,26.2,26.2,12.0,4.0,8.0,0.0,0.0,0.0,0.0,0.0,0.0,0.0,0.0,0.0,0.0,0.0,0.0,0.0,0.0,0.0,72.0,5.0,21.0,37.0,3.0,13.0,519.0,38.0,141.0,14.03,12.67,10.85,4.0,0.0,0.0,43.3,9.5,17.6,0.514,0.6,0.619,7.21,7.6,6.71,1.0,0.0,0.0,1.0,0.0,0.0,0.0,0.0,0.0,0.0,0.0,0.0,0.0,0.0,0.0,0.0,0.0,0.0,0.0,0.0,0.0,1.0,0.0,0.0,25.0,2.0,9.0,0.676,0.667,0.692,81.0,16.0,24.0,7.0,0.0,1.0,583.0,-0.611246111663,214.0,-0.054,0.461231393263,0.151,0.46,0.562763900395,0.49,0.0,0.0,0.0,22.0,22.0,22.0,2013.0,2013.0,2013.0,75.0,75.0,75.0,0.75,0.25,0.375,5.0,0.0,2.0,81.0,0.0,66.0,0.104196816208,0.00671140939597,0.0288858321871,0.0887290167866,0.00617283950617,0.0283224400871,0.114620141343,0.00749654764253,0.0272148233932,0.153846153846,0.0,0.0,2.07944154168,0.0,0.69314718056,82.5606936416,12.7368421053,10.2411347518,0.332849540396,0.0,0.0,10.5468188228,0.0835629652925,0.96674670131,0.458333333333,7.0,147.0,-2.52764118212,0.476617317222
Ace Sanders,2013.0,2014.0,2015.0,22.0,23.0,24.0,173.0,173.0,173.0,27.1,27.1,27.1,15.0,12.0,0.0,2.0,0.0,0.0,4.0,0.0,0.0,2.0,0.0,0.0,0.0,0.0,0.0,0.3,0.0,0.0,87.0,7.0,0.0,51.0,6.0,0.0,484.0,55.0,0.0,9.49,9.17,0.0,1.0,0.0,0.0,32.3,4.6,0.0,0.586,0.857,0.0,5.56,7.86,0.0,0.0,2.0,0.0,0.0,1.0,0.0,0.0,0.0,0.0,0.0,0.0,0.0,0.0,0.0,0.0,0.0,0.0,0.0,0.0,0.0,0.0,0.0,0.0,0.0,22.0,1.0,0.0,0.431,0.167,0.0,51.0,24.0,0.0,3.0,1.0,0.0,0.286225085944,-0.576600564117,0.0,0.461231393263,0.461231393263,0.0,0.303693844613,0.501118969165,0.0,0.0,0.0,0.0,22.0,22.0,22.0,2013.0,2013.0,2013.0,67.0,67.0,67.0,0.266666666667,0.0,0.0,0.0,0.0,0.0,0.0,0.0,0.0,0.146959459459,0.0125673249551,0.0,0.146131805158,0.0184615384615,0.0,0.140656785818,0.0183272242586,0.0,0.0625,0.0,0.0,1.38629436112,0.69314718056,0.0,189.688016529,11.3636363636,0.0,0.0338050314465,0.0,0.0,12.428352516,0.229302440482,0.0,0.088888888889,0.0,0.0,-2.94696237704,-0.12374493501
Ben Watson,2013.0,2014.0,2015.0,33.0,34.0,35.0,255.0,255.0,255.0,31.9,31.9,31.9,15.0,0.0,0.0,0.0,0.0,0.0,0.0,0.0,0.0,0.0,0.0,0.0,0.0,0.0,0.0,0.0,0.0,0.0,30.0,0.0,0.0,19.0,0.0,0.0,226.0,0.0,0.0,11.89,0.0,0.0,2.0,0.0,0.0,15.1,0.0,0.0,0.633,0.0,0.0,7.53,0.0,0.0,0.0,0.0,0.0,0.0,0.0,0.0,0.0,0.0,0.0,0.0,0.0,0.0,0.0,0.0,0.0,0.0,0.0,0.0,0.0,0.0,0.0,0.0,0.0,0.0,0.0,0.0,0.0,0.0,0.0,0.0,0.0,0.0,0.0,0.0,0.0,0.0,-0.237969958497,0.0,0.0,0.461231393263,0.0,0.0,0.745177318686,0.0,0.0,0.0,0.0,0.0,33.0,33.0,33.0,2013.0,2013.0,2013.0,75.0,75.0,75.0,0.466666666667,0.0,0.0,0.0,0.0,0.0,0.0,0.0,0.0,0.0414364640884,0.0,0.0,0.0387755102041,0.0,0.0,0.0413313825896,0.0,0.0,0.0487804878049,0.0,0.0,0.0,0.0,0.0,0.0,0.0,0.0,0.0527688295751,0.0,0.0,0.0,0.0,0.0,0.155555555556,0.0,0.0,0.0,0.0
Chris Hogan,2013.0,2014.0,2015.0,25.0,26.0,27.0,220.0,220.0,220.0,29.0,29.0,29.0,16.0,16.0,16.0,0.0,0.0,1.0,0.0,0.0,4.0,0.0,0.0,4.0,0.0,0.0,0.0,0.0,0.0,0.3,17.0,61.0,59.0,10.0,41.0,36.0,83.0,426.0,450.0,8.3,10.39,12.5,0.0,4.0,2.0,5.2,26.6,28.1,0.588,0.672,0.61,4.88,6.98,7.63,0.0,2.0,0.0,0.0,0.0,0.0,0.0,0.0,0.0,0.0,0.0,0.0,0.0,0.0,1.0,0.0,0.0,0.0,0.0,0.0,0.0,0.0,0.0,0.0,4.0,20.0,18.0,0.4,0.488,0.5,16.0,31.0,46.0,0.0,2.0,4.0,85.0,402.0,358.0,-0.253,-0.081,-0.124,-0.17,0.21,0.01,0.0,0.0,0.0,25.0,25.0,25.0,2013.0,2013.0,2013.0,73.0,73.0,73.0,0.0,0.125,0.25,0.0,1.0,0.0,0.0,5.0,0.0,0.0325670498084,0.105354058722,0.12688172043,0.0334448160535,0.112947658402,0.122033898305,0.0267483080889,0.117874930825,0.134609632067,0.0,0.173913043478,0.0869565217391,0.0,1.09861228867,1.60943791243,10.843373494,91.1009389671,26.4022222222,0.0,0.376264697839,0.0940661744599,0.327132283924,10.8050013474,10.6230248409,0.125,1.0,5.0,2.53117133961,-0.0982051081719
Cordarrelle Patterson,2013.0,2014.0,2015.0,22.0,23.0,24.0,216.0,216.0,216.0,27.7,27.7,27.7,16.0,16.0,16.0,12.0,10.0,2.0,158.0,117.0,15.0,13.17,11.7,7.5,3.0,1.0,0.0,9.9,7.3,0.9,77.0,67.0,2.0,45.0,33.0,2.0,469.0,384.0,10.0,10.42,11.64,5.0,4.0,1.0,0.0,29.3,24.0,0.6,0.584,0.493,1.0,6.09,5.73,5.0,0.0,1.0,1.0,0.0,0.0,0.0,0.0,0.0,0.0,0.0,0.0,0.0,0.0,0.0,0.0,1.0,0.0,0.0,1.0,0.0,0.0,1.0,0.0,0.0,19.0,20.0,1.0,0.422,0.606,0.5,79.0,28.0,9.0,3.0,2.0,0.0,511.0,329.0,-0.667260763953,-0.12,-0.25,0.47734873955,0.04,-0.64,0.474608868361,4.42,4.42,0.0,22.0,22.0,22.0,2013.0,2013.0,2013.0,74.0,74.0,74.0,0.375,0.4375,0.0625,4.0,2.0,0.0,119.0,41.0,0.0,0.141025641026,0.129593810445,0.00418410041841,0.138461538462,0.10248447205,0.0064308681672,0.136854391596,0.118372379778,0.00327546675401,0.222222222222,0.0588235294118,0.0,1.38629436112,1.09861228867,0.0,180.556503198,71.7604166667,0.9,0.841369671558,0.06363300037,0.0,19.5824195375,7.73554083114,0.0635902986346,0.291666666667,6.0,160.0,-2.8618872467,-4.1402307714
Da'Rick Rogers,2013.0,2014.0,2015.0,22.0,23.0,24.0,216.0,216.0,216.0,27.7,27.7,27.7,5.0,0.0,0.0,1.0,0.0,0.0,0.0,0.0,0.0,0.0,0.0,0.0,0.0,0.0,0.0,0.0,0.0,0.0,23.0,0.0,0.0,14.0,0.0,0.0,192.0,0.0,0.0,13.71,0.0,0.0,2.0,0.0,0.0,38.4,0.0,0.0,0.609,0.0,0.0,8.35,0.0,0.0,0.0,0.0,0.0,0.0,0.0,0.0,0.0,0.0,0.0,0.0,0.0,0.0,0.0,0.0,0.0,0.0,0.0,0.0,0.0,0.0,0.0,1.0,0.0,0.0,9.0,0.0,0.0,0.643,0.0,0.0,69.0,0.0,0.0,1.0,0.0,0.0,-0.296792826402,0.0,0.0,0.461231393263,0.0,0.0,1.33364911953,0.0,0.0,0.0,0.0,0.0,22.0,22.0,22.0,2013.0,2013.0,2013.0,74.0,74.0,74.0,0.6,0.0,0.0,0.0,0.0,0.0,0.0,0.0,0.0,0.0344311377246,0.0,0.0,0.0350877192982,0.0,0.0,0.0428762840554,0.0,0.0,0.0689655172414,0.0,0.0,0.69314718056,0.0,0.0,72.5208333333,0.0,0.0,0.0746042073303,0.0,0.0,2.28928220181,0.0,0.0,0.2,0.0,0.0,-0.553029004505,0.0
Darius Johnson,2013.0,2014.0,2015.0,22.0,23.0,24.0,175.0,175.0,175.0,25.1,25.1,25.1,10.0,0.0,0.0,0.0,0.0,0.0,0.0,0.0,0.0,0.0,0.0,0.0,0.0,0.0,0.0,0.0,0.0,0.0,43.0,0.0,0.0,22.0,0.0,0.0,210.0,0.0,0.0,9.55,0.0,0.0,1.0,0.0,0.0,21.0,0.0,0.0,0.512,0.0,0.0,4.88,0.0,0.0,1.0,0.0,0.0,0.0,0.0,0.0,0.0,0.0,0.0,0.0,0.0,0.0,0.0,0.0,0.0,0.0,0.0,0.0,0.0,0.0,0.0,0.0,0.0,0.0,12.0,0.0,0.0,0.545,0.0,0.0,17.0,0.0,0.0,3.0,0.0,0.0,214.0,0.0,0.0,-0.246,0.0,0.0,-0.4,0.0,0.0,4.6,0.0,0.0,22.0,22.0,22.0,2013.0,2013.0,2013.0,70.0,70.0,70.0,0.2,0.0,0.0,2.0,0.0,0.0,38.0,0.0,0.0,0.0652503793627,0.0,0.0,0.0494382022472,0.0,0.0,0.0494932830544,0.0,0.0,0.0384615384615,0.0,0.0,1.38629436112,0.0,0.0,38.5714285714,0.0,0.0,0.0208030962748,0.0,0.0,1.75436344416,0.0,0.0,0.0666666666667,2.0,38.0,-0.423807020513,0.0
David Johnson,2013.0,2014.0,2015.0,26.0,27.0,28.0,270.0,270.0,270.0,34.7,34.7,34.7,5.0,0.0,0.0,0.0,0.0,0.0,0.0,0.0,0.0,0.0,0.0,0.0,0.0,0.0,0.0,0.0,0.0,0.0,6.0,0.0,0.0,4.0,0.0,0.0,70.0,0.0,0.0,17.5,0.0,0.0,0.0,0.0,0.0,14.0,0.0,0.0,0.667,0.0,0.0,11.67,0.0,0.0,0.0,0.0,0.0,0.0,0.0,0.0,0.0,0.0,0.0,0.0,0.0,0.0,0.0,0.0,0.0,0.0,0.0,0.0,0.0,0.0,0.0,0.0,0.0,0.0,3.0,0.0,0.0,0.75,0.0,0.0,32.0,0.0,0.0,0.0,0.0,0.0,-0.545287895502,0.0,0.0,0.461231393263,0.0,0.0,0.792370744682,0.0,0.0,0.0,0.0,0.0,26.0,26.0,26.0,2013.0,2013.0,2013.0,74.0,74.0,74.0,0.4,0.0,0.0,0.0,0.0,0.0,0.0,0.0,0.0,0.0102389078498,0.0,0.0,0.0106100795756,0.0,0.0,0.017425939756,0.0,0.0,0.0,0.0,0.0,0.0,0.0,0.0,17.5,0.0,0.0,0.0,0.0,0.0,0.315609670479,0.0,0.0,0.133333333333,0.0,0.0,-0.0762428073477,0.0
DeAndre Hopkins,2013.0,2014.0,2015.0,21.0,22.0,23.0,214.0,214.0,214.0,28.2,28.2,28.2,16.0,16.0,16.0,0.0,0.0,0.0,0.0,0.0,0.0,0.0,0.0,0.0,0.0,0.0,0.0,0.0,0.0,0.0,91.0,127.0,192.0,52.0,76.0,111.0,802.0,1210.0,1521.0,15.42,15.92,13.7,2.0,6.0,11.0,50.1,75.6,95.1,0.571,0.598,0.578,8.81,9.53,7.92,1.0,2.0,1.0,0.0,2.0,0.0,0.0,0.0,0.0,0.0,0.0,0.0,1.0,0.0,0.0,0.0,0.0,1.0,0.0,0.0,0.0,1.0,4.0,6.0,38.0,57.0,83.0,0.731,0.75,0.748,66.0,76.0,61.0,2.0,4.0,3.0,783.0,1.79000965963,2.43910867581,0.069,0.103,0.048,1.39,2.37,2.68,4.57,4.57,4.57,21.0,21.0,21.0,2013.0,2013.0,2013.0,73.0,73.0,73.0,1.0,1.0,1.0,1.0,2.0,5.0,32.0,26.0,77.0,0.143759873618,0.261855670103,0.294027565084,0.140161725067,0.257627118644,0.297587131367,0.210333071073,0.360978520286,0.385551330798,0.105263157895,0.272727272727,0.379310344828,1.09861228867,1.60943791243,1.38629436112,43.602244389,123.776033058,19.6771860618,0.11386957961,0.885077186963,2.25677727174,21.2969002832,86.8872064319,92.3522611206,1.0,8.0,135.0,15.8448537651,2.94926140278
DeVier Posey,2013.0,2014.0,2015.0,24.0,25.0,26.0,211.0,211.0,211.0,27.8,27.8,27.8,14.0,1.0,0.0,0.0,0.0,0.0,0.0,0.0,0.0,0.0,0.0,0.0,0.0,0.0,0.0,0.0,0.0,0.0,25.0,1.0,0.0,15.0,1.0,0.0,155.0,30.0,0.0,10.33,30.0,0.0,0.0,0.0,0.0,11.1,30.0,0.0,0.6,1.0,0.0,6.2,30.0,0.0,0.0,0.0,0.0,0.0,0.0,0.0,0.0,0.0,0.0,0.0,0.0,0.0,0.0,0.0,0.0,0.0,0.0,0.0,0.0,0.0,0.0,0.0,0.0,0.0,5.0,1.0,0.0,0.333,1.0,0.0,42.0,30.0,0.0,0.0,0.0,0.0,92.0,-0.626777286027,0.0,-0.337,0.461231393263,0.0,-0.38,0.619907202829,0.0,4.39,0.0,0.0,24.0,24.0,24.0,2013.0,2013.0,2013.0,73.0,73.0,73.0,0.0,1.0,0.0,0.0,0.0,0.0,0.0,0.0,0.0,0.0394944707741,0.0020618556701,0.0,0.0404312668464,0.00338983050847,0.0,0.0406504065041,0.00894988066826,0.0,0.0,0.0,0.0,0.0,0.0,0.0,38.2516129032,0.533333333333,0.0,0.0,0.0,0.0,0.648287883261,0.118002831692,0.0,0.333333333333,0.0,0.0,-0.128102605237,-0.0636811920013
Denard Robinson,2013.0,2014.0,2015.0,23.0,24.0,25.0,199.0,199.0,199.0,27.8,27.8,27.8,16.0,13.0,13.0,20.0,135.0,67.0,66.0,582.0,266.0,3.3,4.31,3.97,0.0,4.0,1.0,4.1,44.8,20.5,1.0,31.0,30.0,0.0,23.0,21.0,0.0,124.0,164.0,0.0,5.39,7.81,0.0,0.0,0.0,0.0,9.5,12.6,0.0,0.742,0.7,0.0,4.0,5.47,3.0,2.0,3.0,1.0,0.0,1.0,0.0,0.0,0.0,0.0,0.0,0.0,0.0,0.0,0.0,0.0,0.0,0.0,0.0,0.0,0.0,0.0,0.0,0.0,0.0,6.0,8.0,0.0,0.261,0.381,0.0,19.0,16.0,1.0,2.0,3.0,-0.690060442626,-0.436162505349,-0.354599883392,-2.00944370441,0.461231393263,0.461231393263,0.174985661099,0.0112508621129,0.336697145039,0.0,0.0,0.0,23.0,23.0,23.0,2013.0,2013.0,2013.0,71.0,71.0,71.0,0.0,0.692307692308,0.230769230769,0.0,0.0,0.0,0.0,0.0,0.0,0.00168918918919,0.0556552962298,0.0494233937397,0.0,0.0707692307692,0.0591549295775,0.0,0.0413195601466,0.0399221032132,0.0,0.0,0.0,0.69314718056,1.09861228867,1.38629436112,0.0,335.612903226,142.737804878,0.0,0.0,0.0,0.0,3.60794141557,2.19001308897,0.307692307692,0.0,0.0,0.871581602211,-0.765196603467
Dion Sims,2013.0,2014.0,2015.0,22.0,23.0,24.0,262.0,262.0,262.0,31.1,31.1,31.1,15.0,14.0,0.0,0.0,0.0,0.0,0.0,0.0,0.0,0.0,0.0,0.0,0.0,0.0,0.0,0.0,0.0,0.0,10.0,36.0,0.0,6.0,24.0,0.0,32.0,284.0,0.0,5.33,11.83,0.0,1.0,2.0,0.0,2.1,20.3,0.0,0.6,0.667,0.0,3.2,7.89,0.0,0.0,0.0,0.0,0.0,1.0,0.0,0.0,0.0,0.0,0.0,0.0,0.0,0.0,0.0,0.0,0.0,0.0,0.0,0.0,0.0,0.0,0.0,0.0,0.0,3.0,13.0,0.0,0.5,0.542,0.0,8.0,38.0,0.0,2.0,1.0,0.0,-0.623514241136,-0.107899596675,0.0,0.461231393263,0.461231393263,0.0,0.460622466884,1.62816546792,0.0,0.0,0.0,0.0,22.0,22.0,22.0,2013.0,2013.0,2013.0,77.0,77.0,77.0,0.333333333333,0.142857142857,0.0,0.0,0.0,0.0,0.0,0.0,0.0,0.016835016835,0.0605042016807,0.0,0.0168067226891,0.0609137055838,0.0,0.008971124194,0.0761598283722,0.0,0.0416666666667,0.0740740740741,0.0,1.09861228867,0.69314718056,0.0,2.0,48.2007042254,0.0,0.022536687631,0.0801304449103,0.0,0.327312032105,4.91508932211,0.0,0.15873015873,0.0,0.0,1.10828359456,-2.65246810044
Dominique Davis,2013.0,2014.0,2015.0,24.0,25.0,26.0,210.0,210.0,210.0,26.2,26.2,26.2,1.0,0.0,0.0,0.0,0.0,0.0,0.0,0.0,0.0,0.0,0.0,0.0,0.0,0.0,0.0,0.0,0.0,0.0,13.0,0.0,0.0,0.0,0.0,0.0,0.0,0.0,0.0,0.0,0.0,0.0,0.0,0.0,0.0,0.0,0.0,0.0,0.0,0.0,0.0,0.0,0.0,0.0,0.0,0.0,0.0,0.0,0.0,0.0,0.0,0.0,0.0,0.0,0.0,0.0,0.0,0.0,0.0,0.0,0.0,0.0,0.0,0.0,0.0,0.0,0.0,0.0,0.0,0.0,0.0,0.0,0.0,0.0,0.0,0.0,0.0,0.0,0.0,0.0,-0.701499470874,0.0,0.0,0.461142597165,0.0,0.0,-0.678406773583,0.0,0.0,0.0,0.0,0.0,24.0,24.0,24.0,2013.0,2013.0,2013.0,75.0,75.0,75.0,0.0,0.0,0.0,0.0,0.0,0.0,0.0,0.0,0.0,0.0197268588771,0.0,0.0,0.0,0.0,0.0,0.0,0.0,0.0,0.0,0.0,0.0,0.0,0.0,0.0,0.0,0.0,0.0,0.0,0.0,0.0,0.0,0.0,0.0,0.0,0.0,0.0,0.0,0.0
Eric Page,2013.0,2014.0,2015.0,22.0,23.0,24.0,180.0,180.0,180.0,25.8,25.8,25.8,16.0,0.0,0.0,2.0,0.0,0.0,14.0,0.0,0.0,7.0,0.0,0.0,0.0,0.0,0.0,0.9,0.0,0.0,9.0,0.0,0.0,4.0,0.0,0.0,68.0,0.0,0.0,17.0,0.0,0.0,0.0,0.0,0.0,4.3,0.0,0.0,0.444,0.0,0.0,7.56,0.0,0.0,3.0,0.0,0.0,0.0,0.0,0.0,0.0,0.0,0.0,0.0,0.0,0.0,0.0,0.0,0.0,0.0,0.0,0.0,0.0,0.0,0.0,0.0,0.0,0.0,3.0,0.0,0.0,0.75,0.0,0.0,30.0,0.0,0.0,0.0,0.0,0.0,-0.552688067461,0.0,0.0,0.461231393263,0.0,0.0,0.314606541918,0.0,0.0,0.0,0.0,0.0,22.0,22.0,22.0,2013.0,2013.0,2013.0,70.0,70.0,70.0,0.0625,0.0,0.0,0.0,0.0,0.0,0.0,0.0,0.0,0.0175097276265,0.0,0.0,0.0137457044674,0.0,0.0,0.0241134751773,0.0,0.0,0.0,0.0,0.0,0.0,0.0,0.0,3.30882352941,0.0,0.0,0.0,0.0,0.0,0.249917357314,0.0,0.0,0.0208333333333,0.0,0.0,-0.0603733114313,0.0
Erik Lorig,2013.0,2014.0,2015.0,27.0,28.0,29.0,265.0,265.0,265.0,32.3,32.3,32.3,15.0,0.0,0.0,0.0,0.0,0.0,0.0,0.0,0.0,0.0,0.0,0.0,0.0,0.0,0.0,0.0,0.0,0.0,14.0,0.0,0.0,11.0,0.0,0.0,47.0,0.0,0.0,4.27,0.0,0.0,0.0,0.0,0.0,3.1,0.0,0.0,0.786,0.0,0.0,3.36,0.0,0.0,0.0,0.0,0.0,0.0,0.0,0.0,0.0,0.0,0.0,0.0,0.0,0.0,0.0,0.0,0.0,0.0,0.0,0.0,0.0,0.0,0.0,0.0,0.0,0.0,2.0,0.0,0.0,0.182,0.0,0.0,20.0,0.0,0.0,0.0,0.0,0.0,-0.592751651895,0.0,0.0,0.461231393263,0.0,0.0,0.261207846206,0.0,0.0,0.0,0.0,0.0,27.0,27.0,27.0,2013.0,2013.0,2013.0,76.0,76.0,76.0,0.6,0.0,0.0,0.0,0.0,0.0,0.0,0.0,0.0,0.0272373540856,0.0,0.0,0.0378006872852,0.0,0.0,0.0166666666667,0.0,0.0,0.0,0.0,0.0,0.0,0.0,0.0,66.7234042553,0.0,0.0,0.0,0.0,0.0,0.601519085219,0.0,0.0,0.2,0.0,0.0,-0.145310831765,0.0
Greg Jenkins,2013.0,2014.0,2015.0,24.0,25.0,26.0,208.0,208.0,208.0,27.4,27.4,27.4,6.0,0.0,0.0,0.0,0.0,0.0,0.0,0.0,0.0,0.0,0.0,0.0,0.0,0.0,0.0,0.0,0.0,0.0,1.0,0.0,0.0,0.0,0.0,0.0,0.0,0.0,0.0,0.0,0.0,0.0,0.0,0.0,0.0,0.0,0.0,0.0,0.0,0.0,0.0,0.0,0.0,0.0,1.0,0.0,0.0,1.0,0.0,0.0,23.0,0.0,0.0,1.0,0.0,0.0,0.0,0.0,0.0,0.0,0.0,0.0,0.0,0.0,0.0,0.0,0.0,0.0,0.0,0.0,0.0,0.0,0.0,0.0,0.0,0.0,0.0,0.0,0.0,0.0,-0.689798986726,0.0,0.0,-2.75529902602,0.0,0.0,0.328851069667,0.0,0.0,0.0,0.0,0.0,24.0,24.0,24.0,2013.0,2013.0,2013.0,73.0,73.0,73.0,0.0,0.0,0.0,0.0,0.0,0.0,0.0,0.0,0.0,0.0019267822736,0.0,0.0,0.0,0.0,0.0,0.0,0.0,0.0,0.0,0.0,0.0,0.0,0.0,0.0,0.0,0.0,0.0,0.0,0.0,0.0,0.0,0.0,0.0,0.0,0.0,0.0,0.0,0.0
Jaron Brown,2013.0,2014.0,2015.0,23.0,24.0,25.0,205.0,205.0,205.0,26.3,26.3,26.3,16.0,16.0,16.0,0.0,0.0,0.0,0.0,0.0,0.0,0.0,0.0,0.0,0.0,0.0,0.0,0.0,0.0,0.0,17.0,32.0,23.0,11.0,22.0,11.0,140.0,229.0,144.0,12.73,10.41,13.09,1.0,2.0,1.0,8.8,14.3,9.0,0.647,0.688,0.478,8.24,7.16,6.26,0.0,1.0,0.0,0.0,0.0,0.0,0.0,0.0,0.0,0.0,0.0,0.0,0.0,0.0,0.0,0.0,0.0,0.0,0.0,0.0,0.0,0.0,0.0,0.0,6.0,14.0,8.0,0.545,0.636,0.727,32.0,26.0,39.0,0.0,1.0,0.0,136.0,241.0,150.0,0.025,-0.02,-0.161,0.2,0.27,-0.07,0.0,0.0,0.0,23.0,23.0,23.0,2013.0,2013.0,2013.0,74.0,74.0,74.0,0.0,0.125,0.0,0.0,0.0,1.0,0.0,0.0,32.0,0.0296167247387,0.0536912751678,0.0357142857143,0.030303030303,0.0654761904762,0.0274314214464,0.0349825087456,0.0593417983934,0.0278476116805,0.0416666666667,0.0909090909091,0.025641025641,0.0,0.69314718056,0.0,9.77857142857,17.8864628821,4.34027777778,0.022536687631,0.0983419096627,0.0138687308498,0.897772665824,3.06122549415,0.803710952323,0.0416666666667,1.0,32.0,0.522632012339,-1.21828616248
Jimmy Graham,2013.0,2014.0,2015.0,27.0,28.0,29.0,260.0,260.0,260.0,29.3,29.3,29.3,16.0,0.0,0.0,0.0,0.0,0.0,0.0,0.0,0.0,0.0,0.0,0.0,0.0,0.0,0.0,0.0,0.0,0.0,142.0,0.0,0.0,86.0,0.0,0.0,1215.0,0.0,0.0,14.13,0.0,0.0,16.0,0.0,0.0,75.9,0.0,0.0,0.606,0.0,0.0,8.56,0.0,0.0,0.0,0.0,0.0,1.0,0.0,0.0,-2.0,0.0,0.0,0.0,0.0,0.0,0.0,0.0,0.0,1.0,0.0,0.0,1.0,0.0,0.0,6.0,0.0,0.0,61.0,0.0,0.0,0.709,0.0,0.0,56.0,0.0,0.0,3.0,0.0,0.0,1.79711671191,0.0,0.0,0.461231393263,0.0,0.0,7.07534406474,0.0,0.0,0.0,0.0,0.0,27.0,27.0,27.0,2013.0,2013.0,2013.0,79.0,79.0,79.0,0.75,0.0,0.0,0.0,0.0,0.0,0.0,0.0,0.0,0.196132596685,0.0,0.0,0.175510204082,0.0,0.0,0.222201901975,0.0,0.0,0.390243902439,0.0,0.0,1.38629436112,0.0,0.0,165.926748971,0.0,0.0,3.37720509281,0.0,0.0,75.7201112638,0.0,0.0,0.25,0.0,0.0,-18.2919422167,0.0
Josh Boyce,2013.0,2014.0,2015.0,22.0,23.0,24.0,206.0,206.0,206.0,28.7,28.7,28.7,9.0,1.0,0.0,0.0,0.0,0.0,0.0,0.0,0.0,0.0,0.0,0.0,0.0,0.0,0.0,0.0,0.0,0.0,19.0,0.0,0.0,9.0,0.0,0.0,121.0,0.0,0.0,13.44,0.0,0.0,0.0,0.0,0.0,13.4,0.0,0.0,0.474,0.0,0.0,6.37,0.0,0.0,0.0,0.0,0.0,0.0,0.0,0.0,0.0,0.0,0.0,0.0,0.0,0.0,0.0,0.0,0.0,0.0,0.0,0.0,0.0,0.0,0.0,0.0,0.0,0.0,6.0,0.0,0.0,0.667,0.0,0.0,30.0,0.0,0.0,2.0,0.0,0.0,147.0,-0.688682069709,0.0,-0.069,-0.23541055958,0.0,0.09,0.497328695787,0.0,4.38,0.0,0.0,22.0,22.0,22.0,2013.0,2013.0,2013.0,71.0,71.0,71.0,0.333333333333,0.0,0.0,2.0,0.0,0.0,39.0,0.0,0.0,0.027496382055,0.0,0.0,0.0215827338129,0.0,0.0,0.026722614841,0.0,0.0,0.0,0.0,0.0,1.09861228867,0.0,0.0,52.8925619835,0.0,0.0,0.0,0.0,0.0,0.607452786801,0.0,0.0,0.111111111111,2.0,39.0,-0.146744254467,0.0
Julian Talley,2013.0,2014.0,2015.0,24.0,25.0,26.0,192.0,192.0,192.0,25.3,25.3,25.3,2.0,2.0,0.0,0.0,0.0,0.0,0.0,0.0,0.0,0.0,0.0,0.0,0.0,0.0,0.0,0.0,0.0,0.0,2.0,0.0,0.0,0.0,0.0,0.0,0.0,0.0,0.0,0.0,0.0,0.0,0.0,0.0,0.0,0.0,0.0,0.0,0.0,0.0,0.0,0.0,0.0,0.0,0.0,0.0,0.0,0.0,0.0,0.0,0.0,0.0,0.0,0.0,0.0,0.0,0.0,0.0,0.0,0.0,0.0,0.0,0.0,0.0,0.0,0.0,0.0,0.0,0.0,0.0,0.0,0.0,0.0,0.0,0.0,0.0,0.0,1.0,0.0,0.0,-0.690654196821,-0.688682069709,0.0,-3.58152130836,-0.23541055958,0.0,0.315417177833,0.497328695787,0.0,0.0,0.0,0.0,24.0,24.0,24.0,2013.0,2013.0,2013.0,73.0,73.0,73.0,0.0,0.0,0.0,0.0,0.0,0.0,0.0,0.0,0.0,0.00352733686067,0.0,0.0,0.0,0.0,0.0,0.0,0.0,0.0,0.0,0.0,0.0,0.69314718056,0.0,0.0,0.0,0.0,0.0,0.0,0.0,0.0,0.0,0.0,0.0,0.0,0.0,0.0,0.0,0.0
Justin Hunter,2013.0,2014.0,2015.0,22.0,23.0,24.0,196.0,196.0,196.0,23.9,23.9,23.9,14.0,12.0,9.0,0.0,0.0,0.0,0.0,0.0,0.0,0.0,0.0,0.0,0.0,0.0,0.0,0.0,0.0,0.0,42.0,67.0,31.0,18.0,28.0,22.0,354.0,498.0,264.0,19.67,17.79,12.0,4.0,3.0,1.0,25.3,41.5,29.3,0.429,0.418,0.71,8.43,7.43,8.52,0.0,0.0,0.0,0.0,1.0,0.0,0.0,0.0,0.0,0.0,0.0,0.0,0.0,0.0,0.0,0.0,0.0,0.0,0.0,0.0,0.0,2.0,0.0,0.0,16.0,20.0,12.0,0.889,0.714,0.545,57.0,75.0,29.0,0.0,4.0,1.0,317.0,420.0,295.0,-0.036,-0.134,0.17,0.3,-0.04,0.7,4.44,4.44,4.44,22.0,22.0,22.0,2013.0,2013.0,2013.0,76.0,76.0,76.0,0.0,0.666666666667,0.555555555556,0.0,1.0,1.0,0.0,29.0,16.0,0.078799249531,0.130604288499,0.0562613430127,0.0548780487805,0.0936454849498,0.0643274853801,0.101258581236,0.145955451348,0.0753639737368,0.181818181818,0.15,0.04,0.0,1.60943791243,0.69314718056,26.5790960452,70.9718875502,6.06060606061,0.39336763865,0.243396226415,0.0216352201258,7.61146995211,11.3870245445,3.49550491811,0.407407407408,2.0,45.0,0.912072437402,-4.25872302644
Justin Veltung,2013.0,2014.0,2015.0,22.0,23.0,24.0,182.0,182.0,182.0,25.4,25.4,25.4,3.0,0.0,0.0,0.0,0.0,0.0,0.0,0.0,0.0,0.0,0.0,0.0,0.0,0.0,0.0,0.0,0.0,0.0,0.0,0.0,0.0,0.0,0.0,0.0,0.0,0.0,0.0,0.0,0.0,0.0,0.0,0.0,0.0,0.0,0.0,0.0,0.0,0.0,0.0,0.0,0.0,0.0,0.0,0.0,0.0,0.0,0.0,0.0,0.0,0.0,0.0,0.0,0.0,0.0,0.0,0.0,0.0,0.0,0.0,0.0,0.0,0.0,0.0,0.0,0.0,0.0,0.0,0.0,0.0,0.0,0.0,0.0,0.0,0.0,0.0,0.0,0.0,0.0,-0.688682069709,0.0,0.0,-0.23541055958,0.0,0.0,0.497328695787,0.0,0.0,0.0,0.0,0.0,22.0,22.0,22.0,2013.0,2013.0,2013.0,71.0,71.0,71.0,0.0,0.0,0.0,0.0,0.0,0.0,0.0,0.0,0.0,0.0,0.0,0.0,0.0,0.0,0.0,0.0,0.0,0.0,0.0,0.0,0.0,0.0,0.0,0.0,0.0,0.0,0.0,0.0,0.0,0.0,0.0,0.0,0.0,0.0,0.0,0.0,0.0,0.0
Kellen Davis,2013.0,2014.0,2015.0,28.0,29.0,30.0,259.0,259.0,259.0,29.9,29.9,29.9,15.0,0.0,0.0,0.0,0.0,0.0,0.0,0.0,0.0,0.0,0.0,0.0,0.0,0.0,0.0,0.0,0.0,0.0,4.0,0.0,0.0,3.0,0.0,0.0,32.0,0.0,0.0,10.67,0.0,0.0,1.0,0.0,0.0,2.1,0.0,0.0,0.75,0.0,0.0,8.0,0.0,0.0,0.0,0.0,0.0,0.0,0.0,0.0,0.0,0.0,0.0,0.0,0.0,0.0,0.0,0.0,0.0,0.0,0.0,0.0,0.0,0.0,0.0,0.0,0.0,0.0,2.0,0.0,0.0,0.667,0.0,0.0,23.0,0.0,0.0,0.0,0.0,0.0,-0.622008793071,0.0,0.0,0.461231393263,0.0,0.0,0.786367645167,0.0,0.0,0.0,0.0,0.0,28.0,28.0,28.0,2013.0,2013.0,2013.0,78.0,78.0,78.0,0.266666666667,0.0,0.0,0.0,0.0,0.0,0.0,0.0,0.0,0.0081799591002,0.0,0.0,0.00967741935484,0.0,0.0,0.00856072766185,0.0,0.0,0.0333333333333,0.0,0.0,0.0,0.0,0.0,4.5,0.0,0.0,0.0180293501048,0.0,0.0,0.334887556201,0.0,0.0,0.088888888889,0.0,0.0,-0.0808998260157,0.0
Kenbrell Thompkins,2013.0,2014.0,2015.0,25.0,26.0,27.0,196.0,196.0,196.0,26.6,26.6,26.6,12.0,0.0,7.0,0.0,0.0,0.0,0.0,0.0,0.0,0.0,0.0,0.0,0.0,0.0,0.0,0.0,0.0,0.0,69.0,0.0,33.0,32.0,0.0,17.0,466.0,0.0,165.0,14.56,0.0,9.71,4.0,0.0,0.0,38.8,0.0,23.6,0.464,0.0,0.515,6.75,0.0,5.0,0.0,0.0,0.0,0.0,0.0,0.0,0.0,0.0,0.0,0.0,0.0,0.0,0.0,0.0,0.0,0.0,0.0,0.0,0.0,0.0,0.0,1.0,0.0,0.0,21.0,0.0,7.0,0.656,0.0,0.412,49.0,0.0,43.0,7.0,0.0,0.0,454.0,0.0,112.0,-0.119,0.0,-0.388,0.04,0.0,-0.68,4.54,0.0,4.54,25.0,25.0,25.0,2013.0,2013.0,2013.0,72.0,72.0,72.0,0.666666666667,0.0,0.285714285714,1.0,0.0,1.0,16.0,0.0,14.0,0.0998552821997,0.0,0.0546357615894,0.0767386091127,0.0,0.0469613259669,0.102915194346,0.0,0.0406704461425,0.153846153846,0.0,0.0,2.07944154168,0.0,0.0,43.8819742489,0.0,28.0242424242,0.332849540396,0.0,0.0,7.43463150991,0.0,0.766706948932,0.31746031746,2.0,30.0,-1.79600700147,0.413759667658
Kenny Stills,2013.0,2014.0,2015.0,21.0,22.0,23.0,194.0,194.0,194.0,25.6,25.6,25.6,16.0,0.0,16.0,3.0,0.0,0.0,10.0,0.0,0.0,3.33,0.0,0.0,0.0,0.0,0.0,0.6,0.0,0.0,50.0,0.0,63.0,32.0,0.0,27.0,641.0,0.0,440.0,20.03,0.0,16.3,5.0,0.0,3.0,40.1,0.0,27.5,0.64,0.0,0.429,12.82,0.0,6.98,0.0,0.0,0.0,0.0,0.0,0.0,0.0,0.0,0.0,0.0,0.0,0.0,0.0,0.0,0.0,0.0,0.0,0.0,0.0,0.0,0.0,1.0,0.0,0.0,24.0,0.0,18.0,0.75,0.0,0.667,76.0,0.0,47.0,2.0,0.0,2.0,622.0,0.0,364.0,0.401,0.0,-0.172,2.06,0.0,-0.22,4.38,0.0,4.38,21.0,21.0,21.0,2013.0,2013.0,2013.0,73.0,73.0,73.0,0.625,0.0,0.5,1.0,0.0,0.0,37.0,0.0,0.0,0.0690607734807,0.0,0.107142857143,0.065306122449,0.0,0.0739726027397,0.117227505486,0.0,0.115455261086,0.121951219512,0.0,0.125,1.09861228867,0.0,1.09861228867,59.9313572543,0.0,27.5,0.329805184844,0.0,0.202830188679,11.4873027143,0.0,6.59826893125,0.375,1.0,37.0,-2.77502335864,3.56080972517
Lamaar Thomas,2013.0,2014.0,2015.0,23.0,24.0,25.0,185.0,185.0,185.0,25.1,25.1,25.1,2.0,0.0,0.0,0.0,0.0,0.0,0.0,0.0,0.0,0.0,0.0,0.0,0.0,0.0,0.0,0.0,0.0,0.0,3.0,0.0,0.0,2.0,0.0,0.0,31.0,0.0,0.0,15.5,0.0,0.0,0.0,0.0,0.0,15.5,0.0,0.0,0.667,0.0,0.0,10.33,0.0,0.0,0.0,0.0,0.0,0.0,0.0,0.0,0.0,0.0,0.0,0.0,0.0,0.0,0.0,0.0,0.0,0.0,0.0,0.0,0.0,0.0,0.0,0.0,0.0,0.0,2.0,0.0,0.0,1.0,0.0,0.0,18.0,0.0,0.0,0.0,0.0,0.0,-0.624594518583,0.0,0.0,0.461231393263,0.0,0.0,0.666999177182,0.0,0.0,0.0,0.0,0.0,23.0,23.0,23.0,2013.0,2013.0,2013.0,72.0,72.0,72.0,0.0,0.0,0.0,0.0,0.0,0.0,0.0,0.0,0.0,0.00506756756757,0.0,0.0,0.00573065902579,0.0,0.0,0.00900900900901,0.0,0.0,0.0,0.0,0.0,0.0,0.0,0.0,8.25806451613,0.0,0.0,0.0,0.0,0.0,0.120934512229,0.0,0.0,0.0,0.0,0.0,-0.0292145253457,0.0
Markus Wheaton,2013.0,2014.0,2015.0,22.0,23.0,24.0,189.0,189.0,189.0,26.4,26.4,26.4,12.0,16.0,16.0,0.0,4.0,0.0,0.0,19.0,0.0,0.0,4.75,0.0,0.0,0.0,0.0,0.0,1.2,0.0,13.0,86.0,79.0,6.0,53.0,44.0,64.0,644.0,749.0,10.67,12.15,17.02,0.0,2.0,5.0,5.3,40.3,46.8,0.462,0.616,0.557,4.92,7.49,9.48,0.0,0.0,0.0,0.0,0.0,0.0,0.0,0.0,0.0,0.0,0.0,0.0,0.0,0.0,0.0,0.0,0.0,0.0,0.0,0.0,0.0,0.0,0.0,1.0,5.0,33.0,32.0,0.833,0.623,0.727,21.0,47.0,72.0,2.0,2.0,2.0,56.0,673.0,751.0,-0.305,-0.002,0.124,-0.18,0.84,1.59,4.45,4.45,4.45,22.0,22.0,22.0,2013.0,2013.0,2013.0,71.0,71.0,71.0,0.0833333333333,0.6875,0.5,0.0,1.0,1.0,0.0,10.0,7.0,0.0221843003413,0.130303030303,0.119155354449,0.0159151193634,0.119369369369,0.101149425287,0.0159322877769,0.125194401244,0.146403440188,0.0,0.0588235294118,0.185185185185,1.09861228867,1.09861228867,1.09861228867,26.265625,46.4736024845,33.7530040053,0.0,0.06363300037,0.500815280689,0.213116481949,13.7028920785,18.2886865402,0.423611111111,2.0,17.0,3.25876694592,2.47476143926
Marquess Wilson,2013.0,2014.0,2015.0,21.0,22.0,23.0,194.0,194.0,194.0,24.2,24.2,24.2,10.0,7.0,11.0,0.0,0.0,0.0,0.0,0.0,0.0,0.0,0.0,0.0,0.0,0.0,0.0,0.0,0.0,0.0,3.0,32.0,51.0,2.0,17.0,28.0,13.0,140.0,464.0,6.5,8.24,16.57,0.0,1.0,1.0,1.3,20.0,42.2,0.667,0.531,0.549,4.33,4.38,9.1,0.0,0.0,0.0,0.0,0.0,0.0,0.0,0.0,0.0,0.0,0.0,0.0,0.0,0.0,0.0,0.0,0.0,0.0,0.0,0.0,0.0,0.0,0.0,1.0,1.0,7.0,20.0,0.5,0.412,0.714,10.0,17.0,50.0,0.0,2.0,2.0,-0.662039474959,159.0,535.0,0.461397630217,-0.25,0.17,0.475907297813,-0.31,1.27,0.0,4.51,4.51,21.0,21.0,21.0,2013.0,2013.0,2013.0,75.0,75.0,75.0,0.1,0.857142857143,0.545454545455,0.0,1.0,3.0,0.0,26.0,66.0,0.00518134715026,0.0525451559934,0.0975143403442,0.00536193029491,0.0429292929293,0.0838323353293,0.00303667367438,0.0369198312236,0.126672126672,0.0,0.0333333333333,0.047619047619,0.0,1.09861228867,1.09861228867,7.69230769231,24.0285714286,80.2780172414,0.0,0.0180293501048,0.0257562144354,0.0509208580347,0.975735681156,11.9985646818,0.500865800866,4.0,92.0,0.223410386268,5.94855970763
Marquise Goodwin,2013.0,2014.0,2015.0,23.0,24.0,25.0,183.0,183.0,183.0,27.0,27.0,27.0,12.0,10.0,2.0,3.0,3.0,0.0,13.0,8.0,0.0,4.33,2.67,0.0,0.0,0.0,0.0,1.1,0.8,0.0,32.0,9.0,2.0,17.0,1.0,2.0,283.0,42.0,24.0,16.65,42.0,12.0,3.0,0.0,0.0,23.6,4.2,12.0,0.531,0.111,1.0,8.84,4.67,12.0,1.0,1.0,0.0,0.0,0.0,0.0,0.0,0.0,0.0,0.0,0.0,0.0,0.0,0.0,0.0,0.0,0.0,0.0,0.0,0.0,0.0,0.0,0.0,0.0,13.0,1.0,2.0,0.765,1.0,1.0,59.0,42.0,14.0,1.0,0.0,0.0,281.0,-0.610486537558,-0.637787630071,0.054,0.461231393263,0.461231393263,0.47,0.00687065345699,0.710882376039,4.27,0.0,0.0,23.0,23.0,23.0,2013.0,2013.0,2013.0,69.0,69.0,69.0,0.0833333333333,0.0,0.0,1.0,0.0,0.0,31.0,0.0,0.0,0.0613026819923,0.0155440414508,0.00430107526882,0.056856187291,0.00275482093664,0.00677966101695,0.0912020625201,0.0116214720531,0.00717918037691,0.1875,0.0,0.0,0.69314718056,0.0,0.0,8.83392226148,0.857142857143,0.0416666666667,0.304245283019,0.0,0.0,5.89018528868,0.0388325281239,0.175983173584,0.0277777777778,1.0,31.0,-1.41352944151,0.0740144661058
Michael Campbell,2013.0,2014.0,2015.0,24.0,25.0,26.0,205.0,205.0,205.0,26.3,26.3,26.3,4.0,0.0,0.0,0.0,0.0,0.0,0.0,0.0,0.0,0.0,0.0,0.0,0.0,0.0,0.0,0.0,0.0,0.0,2.0,0.0,0.0,0.0,0.0,0.0,0.0,0.0,0.0,0.0,0.0,0.0,0.0,0.0,0.0,0.0,0.0,0.0,0.0,0.0,0.0,0.0,0.0,0.0,0.0,0.0,0.0,0.0,0.0,0.0,0.0,0.0,0.0,0.0,0.0,0.0,0.0,0.0,0.0,0.0,0.0,0.0,0.0,0.0,0.0,0.0,0.0,0.0,0.0,0.0,0.0,0.0,0.0,0.0,0.0,0.0,0.0,0.0,0.0,0.0,-0.690654481461,0.0,0.0,-3.58117744824,0.0,0.0,0.314081046224,0.0,0.0,0.0,0.0,0.0,24.0,24.0,24.0,2013.0,2013.0,2013.0,74.0,74.0,74.0,0.0,0.0,0.0,0.0,0.0,0.0,0.0,0.0,0.0,0.00416666666667,0.0,0.0,0.0,0.0,0.0,0.0,0.0,0.0,0.0,0.0,0.0,0.0,0.0,0.0,0.0,0.0,0.0,0.0,0.0,0.0,0.0,0.0,0.0,0.0,0.0,0.0,0.0,0.0
Michael Egnew,2013.0,2014.0,2015.0,24.0,25.0,26.0,252.0,252.0,252.0,29.9,29.9,29.9,16.0,0.0,0.0,0.0,0.0,0.0,0.0,0.0,0.0,0.0,0.0,0.0,0.0,0.0,0.0,0.0,0.0,0.0,11.0,0.0,0.0,7.0,0.0,0.0,69.0,0.0,0.0,9.86,0.0,0.0,0.0,0.0,0.0,4.3,0.0,0.0,0.636,0.0,0.0,6.27,0.0,0.0,0.0,0.0,0.0,0.0,0.0,0.0,0.0,0.0,0.0,0.0,0.0,0.0,0.0,0.0,0.0,0.0,0.0,0.0,0.0,0.0,0.0,0.0,0.0,0.0,2.0,0.0,0.0,0.286,0.0,0.0,14.0,0.0,0.0,0.0,0.0,0.0,-0.549799978894,0.0,0.0,0.461231393263,0.0,0.0,0.465818498117,0.0,0.0,0.0,0.0,0.0,24.0,24.0,24.0,2013.0,2013.0,2013.0,77.0,77.0,77.0,0.3125,0.0,0.0,0.0,0.0,0.0,0.0,0.0,0.0,0.0185185185185,0.0,0.0,0.0196078431373,0.0,0.0,0.0193439865433,0.0,0.0,0.0,0.0,0.0,0.0,0.0,0.0,13.0434782609,0.0,0.0,0.0,0.0,0.0,0.276035037287,0.0,0.0,0.104166666667,0.0,0.0,-0.0666826404185,0.0
Myles White,2013.0,2014.0,2015.0,23.0,24.0,25.0,182.0,182.0,182.0,24.7,24.7,24.7,7.0,0.0,12.0,0.0,0.0,0.0,0.0,0.0,0.0,0.0,0.0,0.0,0.0,0.0,0.0,0.0,0.0,0.0,12.0,0.0,20.0,9.0,0.0,7.0,66.0,0.0,88.0,7.33,0.0,12.57,0.0,0.0,1.0,9.4,0.0,7.3,0.75,0.0,0.35,5.5,0.0,4.4,0.0,0.0,0.0,0.0,0.0,1.0,0.0,0.0,0.0,0.0,0.0,0.0,0.0,0.0,0.0,0.0,0.0,0.0,0.0,0.0,0.0,0.0,0.0,0.0,1.0,0.0,4.0,0.111,0.0,0.571,15.0,0.0,28.0,1.0,0.0,2.0,-0.555561838959,0.0,-0.517814367159,0.461231393263,0.0,0.461231393263,0.448214277919,0.0,0.0964935292063,0.0,0.0,0.0,23.0,23.0,23.0,2013.0,2013.0,2013.0,72.0,72.0,72.0,0.0,0.0,0.0,0.0,0.0,0.0,0.0,0.0,0.0,0.0201342281879,0.0,0.0321027287319,0.023498694517,0.0,0.0178571428571,0.0149152542373,0.0,0.0202438463308,0.0,0.0,0.0277777777778,0.69314718056,0.0,1.09861228867,44.1818181818,0.0,0.284090909091,0.0,0.0,0.0150244584207,0.396647516406,0.0,0.352970527423,0.0,0.0,0.0,-0.0958193712265,0.190483428281
Patrick Edwards,2013.0,2014.0,2015.0,25.0,26.0,27.0,175.0,175.0,175.0,25.8,25.8,25.8,4.0,0.0,0.0,0.0,0.0,0.0,0.0,0.0,0.0,0.0,0.0,0.0,0.0,0.0,0.0,0.0,0.0,0.0,11.0,0.0,0.0,5.0,0.0,0.0,46.0,0.0,0.0,9.2,0.0,0.0,0.0,0.0,0.0,11.5,0.0,0.0,0.455,0.0,0.0,4.18,0.0,0.0,0.0,0.0,0.0,0.0,0.0,0.0,0.0,0.0,0.0,0.0,0.0,0.0,0.0,0.0,0.0,0.0,0.0,0.0,0.0,0.0,0.0,0.0,0.0,0.0,2.0,0.0,0.0,0.4,0.0,0.0,11.0,0.0,0.0,0.0,0.0,0.0,36.0,0.0,0.0,-0.379,0.0,0.0,-0.21,0.0,0.0,4.58,0.0,0.0,25.0,25.0,25.0,2013.0,2013.0,2013.0,69.0,69.0,69.0,0.5,0.0,0.0,0.0,0.0,0.0,0.0,0.0,0.0,0.0173501577287,0.0,0.0,0.0134770889488,0.0,0.0,0.0102632753235,0.0,0.0,0.0,0.0,0.0,0.0,0.0,0.0,14.6956521739,0.0,0.0,0.0,0.0,0.0,0.0572786032821,0.0,0.0,0.166666666667,0.0,0.0,-0.0138369699146,0.0
Quinton Patton,2013.0,2014.0,2015.0,23.0,24.0,25.0,204.0,204.0,204.0,27.7,27.7,27.7,6.0,4.0,16.0,1.0,1.0,1.0,26.0,20.0,5.0,26.0,20.0,5.0,0.0,0.0,0.0,4.3,5.0,0.3,5.0,8.0,57.0,3.0,3.0,30.0,34.0,44.0,394.0,11.33,14.67,13.13,0.0,0.0,1.0,5.7,11.0,24.6,0.6,0.375,0.526,6.8,5.5,6.91,0.0,1.0,0.0,0.0,0.0,0.0,0.0,0.0,0.0,0.0,0.0,0.0,0.0,0.0,0.0,0.0,0.0,0.0,0.0,0.0,0.0,0.0,0.0,0.0,1.0,1.0,15.0,0.333,0.333,0.5,29.0,35.0,41.0,1.0,0.0,3.0,-0.620331523912,-0.603165113413,344.0,0.461231393263,0.461231393263,-0.147,0.514502036005,0.230241680057,-0.09,0.0,0.0,4.53,23.0,23.0,23.0,2013.0,2013.0,2013.0,72.0,72.0,72.0,0.0,0.0,0.25,0.0,0.0,0.0,0.0,0.0,0.0,0.00998003992016,0.0164271047228,0.108365019011,0.0103806228374,0.0102739726027,0.0931677018634,0.00963445735336,0.0143650016324,0.118817852835,0.0,0.0,0.0625,0.69314718056,0.0,1.38629436112,1.88235294118,0.363636363636,114.07106599,0.0,0.0,0.0338050314465,0.1272130846,0.103746537145,7.11493815653,0.0833333333333,0.0,0.0,-0.00566888667895,3.78364682669
Robert Woods,2013.0,2014.0,2015.0,21.0,22.0,23.0,201.0,201.0,201.0,26.5,26.5,26.5,14.0,16.0,14.0,2.0,0.0,1.0,16.0,0.0,0.0,8.0,0.0,0.0,0.0,0.0,0.0,1.1,0.0,0.0,85.0,104.0,80.0,40.0,65.0,47.0,587.0,699.0,552.0,14.68,10.75,11.74,3.0,5.0,3.0,41.9,43.7,39.4,0.471,0.625,0.588,6.91,6.72,6.9,0.0,1.0,2.0,0.0,0.0,0.0,0.0,0.0,0.0,0.0,0.0,0.0,0.0,0.0,0.0,0.0,0.0,0.0,0.0,0.0,0.0,0.0,1.0,1.0,26.0,35.0,27.0,0.65,0.538,0.574,57.0,37.0,37.0,1.0,5.0,2.0,539.0,695.0,486.0,-0.12,-0.114,-0.146,0.05,0.11,-0.12,4.51,4.51,4.51,21.0,21.0,21.0,2013.0,2013.0,2013.0,73.0,73.0,73.0,1.0,0.9375,0.642857142857,1.0,1.0,0.0,6.0,11.0,0.0,0.162835249042,0.179620034542,0.172043010753,0.133779264214,0.179063360882,0.159322033898,0.189171769256,0.19341449917,0.165121148669,0.1875,0.217391304348,0.130434782609,0.69314718056,1.79175946923,1.09861228867,24.531516184,66.13018598,34.0018115942,0.304245283019,0.587913590375,0.211648892535,15.3000139806,23.838811072,17.9428316685,0.860119047619,2.0,17.0,2.0627437069,-3.18181344503
Rodney Smith,2013.0,2014.0,2015.0,23.0,24.0,25.0,225.0,225.0,225.0,26.7,26.7,26.7,4.0,0.0,0.0,0.0,0.0,0.0,0.0,0.0,0.0,0.0,0.0,0.0,0.0,0.0,0.0,0.0,0.0,0.0,0.0,0.0,0.0,0.0,0.0,0.0,0.0,0.0,0.0,0.0,0.0,0.0,0.0,0.0,0.0,0.0,0.0,0.0,0.0,0.0,0.0,0.0,0.0,0.0,0.0,0.0,0.0,0.0,0.0,0.0,0.0,0.0,0.0,0.0,0.0,0.0,0.0,0.0,0.0,0.0,0.0,0.0,0.0,0.0,0.0,0.0,0.0,0.0,0.0,0.0,0.0,0.0,0.0,0.0,0.0,0.0,0.0,0.0,0.0,0.0,-0.688682069709,0.0,0.0,-0.23541055958,0.0,0.0,0.497328695787,0.0,0.0,0.0,0.0,0.0,23.0,23.0,23.0,2013.0,2013.0,2013.0,77.0,77.0,77.0,0.0,0.0,0.0,0.0,0.0,0.0,0.0,0.0,0.0,0.0,0.0,0.0,0.0,0.0,0.0,0.0,0.0,0.0,0.0,0.0,0.0,0.0,0.0,0.0,0.0,0.0,0.0,0.0,0.0,0.0,0.0,0.0,0.0,0.0,0.0,0.0,0.0,0.0
Russell Shepard,2013.0,2014.0,2015.0,23.0,24.0,25.0,195.0,195.0,195.0,25.7,25.7,25.7,14.0,16.0,13.0,0.0,0.0,0.0,0.0,0.0,0.0,0.0,0.0,0.0,0.0,0.0,0.0,0.0,0.0,0.0,0.0,8.0,9.0,0.0,4.0,3.0,0.0,63.0,28.0,0.0,15.75,9.33,0.0,0.0,1.0,0.0,3.9,2.2,0.0,0.5,0.333,0.0,7.88,3.11,0.0,0.0,0.0,0.0,0.0,0.0,0.0,0.0,0.0,0.0,0.0,0.0,1.0,0.0,0.0,0.0,0.0,0.0,0.0,0.0,0.0,0.0,0.0,0.0,0.0,3.0,3.0,0.0,0.75,1.0,0.0,23.0,18.0,0.0,0.0,1.0,-0.688682069709,-0.561437418662,-0.634057177109,-0.23541055958,0.461231393263,0.461231393263,0.497328695787,0.6105834457,0.373311859926,0.0,0.0,0.0,23.0,23.0,23.0,2013.0,2013.0,2013.0,73.0,73.0,73.0,0.0,0.0,0.0769230769231,0.0,0.0,0.0,0.0,0.0,0.0,0.0,0.015065913371,0.0168224299065,0.0,0.0132890365449,0.00961538461538,0.0,0.0191082802548,0.00726895119418,0.0,0.0,0.0454545454545,0.0,0.0,0.69314718056,0.0,11.5714285714,1.75,0.0,0.0,0.0245854774156,0.0,0.300639479266,0.312353809773,0.025641025641,0.0,0.0,0.0726264118082,0.00632173414391
Skye Dawson,2013.0,2014.0,2015.0,23.0,24.0,25.0,183.0,183.0,183.0,27.0,27.0,27.0,7.0,0.0,0.0,2.0,0.0,0.0,15.0,0.0,0.0,7.5,0.0,0.0,0.0,0.0,0.0,2.1,0.0,0.0,7.0,0.0,0.0,2.0,0.0,0.0,12.0,0.0,0.0,6.0,0.0,0.0,0.0,0.0,0.0,1.7,0.0,0.0,0.286,0.0,0.0,1.71,0.0,0.0,1.0,0.0,0.0,1.0,0.0,0.0,0.0,0.0,0.0,0.0,0.0,0.0,0.0,0.0,0.0,0.0,0.0,0.0,0.0,0.0,0.0,0.0,0.0,0.0,0.0,0.0,0.0,0.0,0.0,0.0,9.0,0.0,0.0,0.0,0.0,0.0,-0.669123763968,0.0,0.0,0.461237660463,0.0,0.0,-0.013575262559,0.0,0.0,0.0,0.0,0.0,23.0,23.0,23.0,2013.0,2013.0,2013.0,69.0,69.0,69.0,0.0,0.0,0.0,0.0,0.0,0.0,0.0,0.0,0.0,0.0136186770428,0.0,0.0,0.00687285223368,0.0,0.0,0.00425531914894,0.0,0.0,0.0,0.0,0.0,0.0,0.0,0.0,4.08333333333,0.0,0.0,0.0,0.0,0.0,0.0111043884079,0.0,0.0,0.0,0.0,0.0,-0.00268252156157,0.0
Stedman Bailey,2013.0,2014.0,2015.0,23.0,24.0,25.0,193.0,193.0,193.0,27.7,27.7,27.7,16.0,14.0,8.0,2.0,1.0,0.0,33.0,13.0,0.0,16.5,13.0,0.0,1.0,0.0,0.0,2.1,0.9,0.0,25.0,46.0,25.0,17.0,30.0,12.0,226.0,435.0,182.0,13.29,14.5,15.17,0.0,1.0,1.0,14.1,31.1,22.8,0.68,0.652,0.48,9.04,9.46,7.28,0.0,0.0,0.0,0.0,0.0,1.0,0.0,0.0,0.0,0.0,0.0,0.0,1.0,1.0,0.0,0.0,0.0,0.0,0.0,0.0,0.0,0.0,1.0,0.0,10.0,19.0,6.0,0.588,0.633,0.5,28.0,38.0,68.0,0.0,2.0,1.0,200.0,436.0,127.0,0.075,0.168,-0.194,0.36,1.03,-0.12,4.52,4.52,4.52,23.0,23.0,23.0,2013.0,2013.0,2013.0,70.0,70.0,70.0,0.125,0.214285714286,0.375,0.0,0.0,0.0,0.0,0.0,0.0,0.0494071146245,0.0893203883495,0.0528541226216,0.0564784053156,0.0917431192661,0.043956043956,0.07232,0.127941176471,0.0648841354724,0.0,0.05,0.0909090909091,0.0,1.09861228867,0.69314718056,8.96017699115,79.5310344828,23.9340659341,0.0,0.0270440251572,0.0491709548313,2.42759130884,10.0566103091,1.66944260393,0.238095238095,0.0,0.0,1.84296579065,-4.52620356074
Tavon Austin,2013.0,2014.0,2015.0,22.0,23.0,24.0,174.0,174.0,174.0,25.7,25.7,25.7,13.0,15.0,16.0,9.0,36.0,52.0,151.0,224.0,434.0,16.78,6.22,8.35,1.0,2.0,4.0,11.6,14.9,27.1,69.0,44.0,87.0,40.0,31.0,52.0,418.0,242.0,473.0,10.45,7.81,9.1,4.0,0.0,5.0,32.2,16.1,29.6,0.58,0.705,0.598,6.06,5.5,5.44,4.0,5.0,2.0,2.0,4.0,0.0,0.0,0.0,0.0,0.0,0.0,0.0,0.0,0.0,0.0,0.0,0.0,0.0,0.0,0.0,0.0,1.0,0.0,0.0,17.0,12.0,21.0,0.425,0.387,0.404,81.0,28.0,66.0,7.0,3.0,3.0,386.0,315.0,374.0,-0.194,-0.058,-0.306,-0.36,0.24,-1.22,4.34,4.34,4.34,22.0,22.0,22.0,2013.0,2013.0,2013.0,69.0,69.0,69.0,0.230769230769,0.533333333333,0.875,1.0,2.0,0.0,38.0,56.0,0.0,0.136363636364,0.0854368932039,0.183932346723,0.132890365449,0.0948012232416,0.190476190476,0.13376,0.0711764705882,0.16862745098,0.181818181818,0.0,0.454545454545,2.07944154168,1.38629436112,1.38629436112,133.244019139,122.247933884,272.475687104,0.491709548313,0.0,2.21269296741,13.4899068884,5.83022737059,32.1265585423,0.546367521367,3.0,94.0,-1.85037254701,14.1910299123
Teddy Williams,2013.0,2014.0,2015.0,25.0,26.0,27.0,198.0,198.0,198.0,24.7,24.7,24.7,3.0,0.0,0.0,0.0,0.0,0.0,0.0,0.0,0.0,0.0,0.0,0.0,0.0,0.0,0.0,0.0,0.0,0.0,1.0,0.0,0.0,1.0,0.0,0.0,51.0,0.0,0.0,51.0,0.0,0.0,0.0,0.0,0.0,17.0,0.0,0.0,1.0,0.0,0.0,51.0,0.0,0.0,0.0,0.0,0.0,0.0,0.0,0.0,0.0,0.0,0.0,0.0,0.0,0.0,0.0,0.0,0.0,0.0,0.0,0.0,0.0,0.0,0.0,0.0,0.0,0.0,1.0,0.0,0.0,1.0,0.0,0.0,51.0,0.0,0.0,0.0,0.0,0.0,-0.584237200184,0.0,0.0,0.461231393263,0.0,0.0,0.874081783189,0.0,0.0,0.0,0.0,0.0,25.0,25.0,25.0,2013.0,2013.0,2013.0,75.0,75.0,75.0,0.0,0.0,0.0,0.0,0.0,0.0,0.0,0.0,0.0,0.00174216027875,0.0,0.0,0.00275482093664,0.0,0.0,0.0127436281859,0.0,0.0,0.0,0.0,0.0,0.0,0.0,0.0,0.705882352941,0.0,0.0,0.0,0.0,0.0,0.126668462048,0.0,0.0,0.0,0.0,0.0,-0.0305996933944,0.0
Terrance Williams,2013.0,2014.0,2015.0,24.0,25.0,26.0,208.0,208.0,208.0,26.7,26.7,26.7,16.0,16.0,16.0,3.0,0.0,0.0,4.0,0.0,0.0,1.33,0.0,0.0,0.0,0.0,0.0,0.3,0.0,0.0,74.0,66.0,93.0,44.0,37.0,52.0,736.0,621.0,840.0,16.73,16.78,16.15,5.0,8.0,3.0,46.0,38.8,52.5,0.595,0.561,0.559,9.95,9.41,9.03,2.0,0.0,0.0,0.0,0.0,0.0,0.0,0.0,0.0,0.0,0.0,0.0,0.0,0.0,0.0,0.0,0.0,0.0,0.0,0.0,0.0,1.0,0.0,1.0,31.0,30.0,36.0,0.705,0.811,0.692,82.0,51.0,42.0,3.0,1.0,4.0,612.0,738.0,774.0,0.03,0.306,0.074,0.92,2.2,1.4,4.52,4.52,4.52,24.0,24.0,24.0,2013.0,2013.0,2013.0,74.0,74.0,74.0,0.5,1.0,0.8125,1.0,2.0,1.0,6.0,66.0,16.0,0.126279863481,0.125475285171,0.175803402647,0.117333333333,0.102209944751,0.155688622754,0.186140617097,0.147998093422,0.241935483871,0.151515151515,0.19512195122,0.1875,1.38629436112,0.69314718056,1.60943791243,66.9619565217,17.0837359098,92.6678571429,0.409757956927,0.844301273204,0.304245283019,20.4260537549,26.5652152627,32.3455281236,0.770833333333,4.0,88.0,1.48305629356,3.11939305052
Tim Wright,2013.0,2014.0,2015.0,23.0,24.0,25.0,220.0,220.0,220.0,26.8,26.8,26.8,16.0,0.0,0.0,1.0,0.0,0.0,2.0,0.0,0.0,2.0,0.0,0.0,0.0,0.0,0.0,0.1,0.0,0.0,76.0,0.0,0.0,54.0,0.0,0.0,571.0,0.0,0.0,10.57,0.0,0.0,5.0,0.0,0.0,35.7,0.0,0.0,0.711,0.0,0.0,7.51,0.0,0.0,0.0,0.0,0.0,0.0,0.0,0.0,0.0,0.0,0.0,0.0,0.0,0.0,0.0,0.0,0.0,0.0,0.0,0.0,0.0,0.0,0.0,0.0,0.0,0.0,30.0,0.0,0.0,0.556,0.0,0.0,36.0,0.0,0.0,1.0,0.0,0.0,0.486217430891,0.0,0.0,0.461231393263,0.0,0.0,3.21543866198,0.0,0.0,0.0,0.0,0.0,23.0,23.0,23.0,2013.0,2013.0,2013.0,76.0,76.0,76.0,0.5,0.0,0.0,0.0,0.0,0.0,0.0,0.0,0.0,0.147859922179,0.0,0.0,0.185567010309,0.0,0.0,0.202482269504,0.0,0.0,0.227272727273,0.0,0.0,0.69314718056,0.0,0.0,35.8126094571,0.0,0.0,0.614636935392,0.0,0.0,29.1302118145,0.0,0.0,0.166666666667,0.0,0.0,-7.03707565109,0.0
Tori Gurley,2013.0,2014.0,2015.0,26.0,27.0,28.0,216.0,216.0,216.0,26.3,26.3,26.3,3.0,0.0,0.0,0.0,0.0,0.0,0.0,0.0,0.0,0.0,0.0,0.0,0.0,0.0,0.0,0.0,0.0,0.0,3.0,0.0,0.0,1.0,0.0,0.0,15.0,0.0,0.0,15.0,0.0,0.0,0.0,0.0,0.0,5.0,0.0,0.0,0.333,0.0,0.0,5.0,0.0,0.0,0.0,0.0,0.0,0.0,0.0,0.0,0.0,0.0,0.0,0.0,0.0,0.0,0.0,0.0,0.0,0.0,0.0,0.0,0.0,0.0,0.0,0.0,0.0,0.0,1.0,0.0,0.0,1.0,0.0,0.0,15.0,0.0,0.0,0.0,0.0,0.0,-0.659129944136,0.0,0.0,0.461236043393,0.0,0.0,0.443365990037,0.0,0.0,0.0,0.0,0.0,26.0,26.0,26.0,2013.0,2013.0,2013.0,76.0,76.0,76.0,0.0,0.0,0.0,0.0,0.0,0.0,0.0,0.0,0.0,0.00440528634361,0.0,0.0,0.00263852242744,0.0,0.0,0.00371287128713,0.0,0.0,0.0,0.0,0.0,0.0,0.0,0.0,0.266666666667,0.0,0.0,0.0,0.0,0.0,0.0257043027207,0.0,0.0,0.0,0.0,0.0,-0.00620946816164,0.0
